{
    "keyboard_name": "Pulsar XBOARD QS",
    "manufacturer": "Pulsar",
    "url": "https://pulsargg.kr/",
    "maintainer": "James Yun",

    "processor": "STM32F072",
    "bootloader": "stm32-dfu",

    "usb": {
        "vid": "0x3710",
        "pid": "0x2400",
        "device_version": "0.0.3"
    },

    "matrix_pins": {
        "rows": ["A0", "A1", "A2", "A3", "A4", "A5", "A6", "A7"],
        "cols": ["C4", "C5", "B0", "B1", "B2", "B10", "B11", "B12", "B13", "B14", "A15", "C6", "C7", "C10", "C11", "C12"]
    },
    "diode_direction": "ROW2COL",

    "rgb_matrix": {
        "driver": "ws2812"
    },
    "ws2812": {
        "pin": "B15",
        "driver": "spi"
    },

    "layouts": {
        "LAYOUT": {
            "layout": [
                { "matrix":[6,1],"label": "TACK1", "x": 13, "y": -1 },
                { "matrix":[6,2],"label": "TACK2", "x": 14, "y": -1 },
                { "matrix":[6,3],"label": "ENCODER", "x": 16, "y": -1 },

                { "matrix":[0,0], "label": "Esc", "x": 0, "y": 0 },
                { "matrix":[0,1], "label": "F1", "x": 2, "y": 0 },
                { "matrix":[0,2], "label": "F2", "x": 3, "y": 0 },
                { "matrix":[0,3], "label": "F3", "x": 4, "y": 0 },
                { "matrix":[0,4], "label": "F4", "x": 5, "y": 0 },
                { "matrix":[0,5], "label": "F5", "x": 6.5, "y": 0 },
                { "matrix":[0,6], "label": "F6", "x": 7.5, "y": 0 },
                { "matrix":[0,7], "label": "F7", "x": 8.5, "y": 0 },
                { "matrix":[0,8], "label": "F8", "x": 9.5, "y": 0 },
                { "matrix":[0,9], "label": "F9", "x": 11, "y": 0 },
                { "matrix":[0,10], "label": "F10", "x": 12, "y": 0 },
                { "matrix":[0,11], "label": "F11", "x": 13, "y": 0 },
                { "matrix":[0,12], "label": "F12", "x": 14, "y": 0 },

                { "matrix":[6,0], "label": "QUICK", "x": 15, "y": 0 },

                { "matrix":[0,13], "label": "PrtSc", "x": 16, "y": 0 },
                { "matrix":[0,14], "label": "Scroll Lock", "x": 17, "y": 0 },
                { "matrix":[0,15], "label": "Pause", "x": 18, "y": 0 },

                { "matrix":[1,0], "label": "~", "x": 0, "y": 1.5 },
                { "matrix":[1,1], "label": "!", "x": 1, "y": 1.5 },
                { "matrix":[1,2], "label": "@", "x": 2, "y": 1.5 },
                { "matrix":[1,3], "label": "#", "x": 3, "y": 1.5 },
                { "matrix":[1,4], "label": "$", "x": 4, "y": 1.5 },
                { "matrix":[1,5], "label": "%", "x": 5, "y": 1.5 },
                { "matrix":[1,6], "label": "^", "x": 6, "y": 1.5 },
                { "matrix":[1,7], "label": "&", "x": 7, "y": 1.5 },
                { "matrix":[1,8], "label": "*", "x": 8, "y": 1.5 },
                { "matrix":[1,9], "label": "(", "x": 9, "y": 1.5 },
                { "matrix":[1,10], "label": ")", "x": 10, "y": 1.5 },
                { "matrix":[1,11], "label": "_", "x": 11, "y": 1.5 },
                { "matrix":[1,12], "label": "+", "x": 12, "y": 1.5 },
                { "matrix":[1,14], "label": "Backspace", "x": 13, "y": 1.5, "w": 2 },
                { "matrix":[2,14], "label": "Insert", "x": 15.25, "y": 1.5 },
                { "matrix":[2,15], "label": "Home", "x": 16.25, "y": 1.5 },
                { "matrix":[1,15], "label": "PgUp", "x": 17.25, "y": 1.5 },

                { "matrix":[2,0], "label": "Tab", "x": 0, "y": 2.5, "w": 1.5 },
                { "matrix":[2,1], "label": "Q", "x": 1.5, "y": 2.5 },
                { "matrix":[2,2], "label": "W", "x": 2.5, "y": 2.5 },
                { "matrix":[2,3], "label": "E", "x": 3.5, "y": 2.5 },
                { "matrix":[2,4], "label": "R", "x": 4.5, "y": 2.5 },
                { "matrix":[2,5], "label": "T", "x": 5.5, "y": 2.5 },
                { "matrix":[2,6], "label": "Y", "x": 6.5, "y": 2.5 },
                { "matrix":[2,7], "label": "U", "x": 7.5, "y": 2.5 },
                { "matrix":[2,8], "label": "I", "x": 8.5, "y": 2.5 },
                { "matrix":[2,9], "label": "O", "x": 9.5, "y": 2.5 },
                { "matrix":[2,10], "label": "P", "x": 10.5, "y": 2.5 },
                { "matrix":[2,11], "label": "{", "x": 11.5, "y": 2.5 },
                { "matrix":[2,12], "label": "}", "x": 12.5, "y": 2.5 },
                { "matrix":[2,13], "label": "|", "x": 13.5, "y": 2.5, "w": 1.5 },
                { "matrix":[3,13], "label": "Delete", "x": 15.25, "y": 2.5 },
                { "matrix":[3,14], "label": "End", "x": 16.25, "y": 2.5 },
                { "matrix":[3,15], "label": "PgDn", "x": 17.25, "y": 2.5 },

                { "matrix":[3,0], "label": "Caps Lock", "x": 0, "y": 3.5, "w": 1.75 },
                { "matrix":[3,1], "label": "A", "x": 1.75, "y": 3.5 },
                { "matrix":[3,2], "label": "S", "x": 2.75, "y": 3.5 },
                { "matrix":[3,3], "label": "D", "x": 3.75, "y": 3.5 },
                { "matrix":[3,4], "label": "F", "x": 4.75, "y": 3.5 },
                { "matrix":[3,5], "label": "G", "x": 5.75, "y": 3.5 },
                { "matrix":[3,6], "label": "H", "x": 6.75, "y": 3.5 },
                { "matrix":[3,7], "label": "J", "x": 7.75, "y": 3.5 },
                { "matrix":[3,8], "label": "K", "x": 8.75, "y": 3.5 },
                { "matrix":[3,9], "label": "L", "x": 9.75, "y": 3.5 },
                { "matrix":[3,10], "label": ":", "x": 10.75, "y": 3.5 },
                { "matrix":[3,11], "label": "\"", "x": 11.75, "y": 3.5 },
                { "matrix":[4,14], "label": "Enter", "x": 12.75, "y": 3.5, "w": 2.25 },

                { "matrix":[4,0], "label": "Shift", "x": 0, "y": 4.5, "w": 2.25 },
                { "matrix":[4,2], "label": "Z", "x": 2.25, "y": 4.5 },
                { "matrix":[4,3], "label": "X", "x": 3.25, "y": 4.5 },
                { "matrix":[4,4], "label": "C", "x": 4.25, "y": 4.5 },
                { "matrix":[4,5], "label": "V", "x": 5.25, "y": 4.5 },
                { "matrix":[4,6], "label": "B", "x": 6.25, "y": 4.5 },
                { "matrix":[4,7], "label": "N", "x": 7.25, "y": 4.5 },
                { "matrix":[4,8], "label": "M", "x": 8.25, "y": 4.5 },
                { "matrix":[4,9], "label": "<", "x": 9.25, "y": 4.5 },
                { "matrix":[4,10], "label": ">", "x": 10.25, "y": 4.5 },
                { "matrix":[4,11], "label": "?", "x": 11.25, "y": 4.5 },
                { "matrix":[4,13], "label": "Shift", "x": 12.25, "y": 4.5, "w": 2.75 },
                { "matrix":[4,15], "label": "Up", "x": 16.25, "y": 4.5 },

                { "matrix":[5,0], "label": "Ctrl", "x": 0, "y": 5.5, "w": 1.25 },
                { "matrix":[5,1], "label": "Win", "x": 1.25, "y": 5.5, "w": 1.25 },
                { "matrix":[5,2], "label": "Alt", "x": 2.5, "y": 5.5, "w": 1.25 },
                { "matrix":[5,6], "label": "Space","x": 3.75, "y": 5.5, "w": 6.25 },
                { "matrix":[5,10], "label": "Alt", "x": 10, "y": 5.5, "w": 1.25 },
                { "matrix":[5,11], "label": "Fn", "x": 11.25, "y": 5.5, "w": 1.25 },
                { "matrix":[5,12], "label": "Menu", "x": 12.5, "y": 5.5, "w": 1.25 },
                { "matrix":[5,13], "label": "Ctrl", "x": 13.75, "y": 5.5, "w": 1.25 },
                { "matrix":[5,14], "label": "Left", "x": 15.25, "y": 5.5 },
                { "matrix":[5,15], "label": "Down", "x": 16.25, "y": 5.5 },
                { "matrix":[6,15], "label": "Right", "x": 17.25, "y": 5.5 }
            ]
        }
    }
}
